URL,Title
https://www.lejobadequat.com/emplois/261403-manutentionnaire-f-h-fr,Manutentionnaire  H/F
https://www.lejobadequat.com/emplois/261402-operateur-de-production-f-h-fr,Opérateur de production  H/F
https://www.lejobadequat.com/emplois/261401-employee-polyvalente-de-restauration-f-h-fr,Employé(e) polyvalent(e) de restauration   H/F
https://www.lejobadequat.com/emplois/261400-conducteur-dengins-bull-h-f-fr,Conducteur d&#8217;engins bull   H/F
https://www.lejobadequat.com/emplois/261399-hote-de-caisse-f-h-en-boutique-cosmetiques-profil-etudiant-fr,Hôte de caisse   H/F en  boutique cosmétiques &#8211; profil etudiant
https://www.lejobadequat.com/emplois/261398-tailleur-de-pierres-n3-h-f-fr,Tailleur de pierres n3  H/F
https://www.lejobadequat.com/emplois/261397-ouvrier-de-production-charcuterie-h-f-fr,Ouvrier de production charcuterie  H/F
https://www.lejobadequat.com/emplois/261396-chef-dequipe-vmc-h-f-fr,Chef d&#8217;équipe vmc  H/F
https://www.lejobadequat.com/emplois/261394-couvreur-charpentier-f-h-fr,Couvreur &#8211; charpentier  H/F
https://www.lejobadequat.com/emplois/261393-coffreur-bancheur-h-f-fr,Coffreur bancheur  H/F
https://www.lejobadequat.com/emplois/261392-macon-n3-h-f-fr,Maçon n3  H/F
https://www.lejobadequat.com/emplois/261391-chargeur-spl-fr,Chargeur spl
